Motif,WT Position,Mut Position,Status,Z-score Change,Interpretation
cuacuag,3350,,Lost,,Binding site lost
cuacuag,4796,,Lost,,Binding site lost
cuacuag,3655,,Lost,,Binding site lost
cuacuag,5809,,Lost,,Binding site lost
cuacuag,4793,,Lost,,Binding site lost
cuacuag,4799,,Lost,,Binding site lost
cuacuag,3905,,Lost,,Binding site lost
cuacuag,3646,,Lost,,Binding site lost
cuacuag,4927,,Lost,,Binding site lost
cuacuag,4930,,Lost,,Binding site lost
cuacuag,4756,,Lost,,Binding site lost
cuacuag,5961,,Lost,,Binding site lost
cuacuag,4759,,Lost,,Binding site lost
cuacuag,5848,,Lost,,Binding site lost
cuacuag,5967,,Lost,,Binding site lost
cuacuag,3026,,Lost,,Binding site lost
cuacuag,4893,,Lost,,Binding site lost
cuacuag,4777,,Lost,,Binding site lost
cuacuag,4896,,Lost,,Binding site lost
cuacuag,5970,,Lost,,Binding site lost
cuacuag,5802,,Lost,,Binding site lost
cuacuag,5805,,Lost,,Binding site lost
cuacuag,5808,,Lost,,Binding site lost
cuacuag,4911,,Lost,,Binding site lost
cuacuag,3361,,Lost,,Binding site lost
cuacuag,5826,,Lost,,Binding site lost
cuacuag,3666,,Lost,,Binding site lost
cuacuag,3959,,Lost,,Binding site lost
cuacuag,3364,,Lost,,Binding site lost
cuacuag,4865,,Lost,,Binding site lost
cuacuag,4868,,Lost,,Binding site lost
cuacuag,5823,,Lost,,Binding site lost
cuacuag,3663,,Lost,,Binding site lost
cuacuag,3019,,Lost,,Binding site lost
cuacuag,3669,,Lost,,Binding site lost
cuacuag,3022,,Lost,,Binding site lost
cuacuag,4947,,Lost,,Binding site lost
cuacuag,6210,,Lost,,Binding site lost
cuacuag,4950,,Lost,,Binding site lost
cuacuag,3028,,Lost,,Binding site lost
cuacuag,3037,,Lost,,Binding site lost
cuacuag,5197,,Lost,,Binding site lost
cuacuag,3336,,Lost,,Binding site lost
cuacuag,5987,,Lost,,Binding site lost
cuacuag,5984,,Lost,,Binding site lost
cuacuag,4968,,Lost,,Binding site lost
cuacuag,3012,,Lost,,Binding site lost
cuacuag,3015,,Lost,,Binding site lost
cuacuag,5834,,Lost,,Binding site lost
cuacuag,3680,,Lost,,Binding site lost
cuacuag,5840,,Lost,,Binding site lost
cuacuag,4943,,Lost,,Binding site lost
cuacuag,4882,,Lost,,Binding site lost
cuacuag,5843,,Lost,,Binding site lost
cuacuag,4885,,Lost,,Binding site lost
cuacuag,4900,,Lost,,Binding site lost
cuacuag,4903,,Lost,,Binding site lost
cuacuag,3353,,Lost,,Binding site lost
cuacuag,,4970,New,,New possible site
cuacuag,,5989,New,,New possible site
cuacuag,,5836,New,,New possible site
cuacuag,,4945,New,,New possible site
cuacuag,,4884,New,,New possible site
cuacuag,,5845,New,,New possible site
cuacuag,,3682,New,,New possible site
cuacuag,,5842,New,,New possible site
cuacuag,,4887,New,,New possible site
cuacuag,,4902,New,,New possible site
cuacuag,,4905,New,,New possible site
cuacuag,,3648,New,,New possible site
cuacuag,,3352,New,,New possible site
cuacuag,,4798,New,,New possible site
cuacuag,,3657,New,,New possible site
cuacuag,,5811,New,,New possible site
cuacuag,,3355,New,,New possible site
cuacuag,,4795,New,,New possible site
cuacuag,,4801,New,,New possible site
cuacuag,,4929,New,,New possible site
cuacuag,,3907,New,,New possible site
cuacuag,,4932,New,,New possible site
cuacuag,,4758,New,,New possible site
cuacuag,,4761,New,,New possible site
cuacuag,,5963,New,,New possible site
cuacuag,,5850,New,,New possible site
cuacuag,,4895,New,,New possible site
cuacuag,,5969,New,,New possible site
cuacuag,,4779,New,,New possible site
cuacuag,,4898,New,,New possible site
cuacuag,,5972,New,,New possible site
cuacuag,,5807,New,,New possible site
cuacuag,,5804,New,,New possible site
cuacuag,,5810,New,,New possible site
cuacuag,,4913,New,,New possible site
cuacuag,,3363,New,,New possible site
cuacuag,,3961,New,,New possible site
cuacuag,,3668,New,,New possible site
cuacuag,,3366,New,,New possible site
cuacuag,,4867,New,,New possible site
cuacuag,,5825,New,,New possible site
cuacuag,,4870,New,,New possible site
cuacuag,,3665,New,,New possible site
cuacuag,,5828,New,,New possible site
cuacuag,,3671,New,,New possible site
cuacuag,,6212,New,,New possible site
cuacuag,,4952,New,,New possible site
cuacuag,,4949,New,,New possible site
cuacuag,,5199,New,,New possible site
cuacuag,,3338,New,,New possible site
cuacuag,,5986,New,,New possible site
cuacuag,351,351,Retained,-0.011,Unchanged
cuacuag,2041,2041,Retained,-0.011,Unchanged
cuacuag,2038,2038,Retained,-0.011,Unchanged
cuacuag,1388,1388,Retained,-0.011,Unchanged
cuacuag,2227,2227,Retained,-0.011,Unchanged
cuacuag,1153,1153,Retained,-0.011,Unchanged
cuacuag,1391,1391,Retained,-0.011,Unchanged
cuacuag,1150,1150,Retained,-0.011,Unchanged
cuacuag,838,838,Retained,-0.011,Unchanged
cuacuag,835,835,Retained,-0.011,Unchanged
cuacuag,2830,2830,Retained,-0.011,Unchanged
cuacuag,789,789,Retained,-0.011,Unchanged
cuacuag,1518,1518,Retained,-0.011,Unchanged
cuacuag,508,508,Retained,-0.011,Unchanged
cuacuag,825,825,Retained,-0.011,Unchanged
cuacuag,419,419,Retained,-0.011,Unchanged
cuacuag,422,422,Retained,-0.011,Unchanged
cuacuag,1508,1508,Retained,-0.011,Unchanged
cuacuag,672,672,Retained,-0.011,Unchanged
cuacuag,431,431,Retained,-0.011,Unchanged
cuacuag,675,675,Retained,-0.011,Unchanged
cuacuag,2060,2060,Retained,-0.011,Unchanged
cuacuag,1578,1578,Retained,-0.011,Unchanged
cuacuag,687,687,Retained,-0.011,Unchanged
cuacuag,2316,2316,Retained,-0.011,Unchanged
cuacuag,821,821,Retained,-0.011,Unchanged
cuacuag,1129,1129,Retained,-0.011,Unchanged
cuacuag,1126,1126,Retained,-0.011,Unchanged
