C7orf10	chr7:40879374-40880470	Intronic Inversion	Breakpoint-in-Intron	Benign	/	/	+	Germline inversion	hg19
C7orf10	chr7:40879374-40880470	Intronic Inversion	Breakpoint-in-Intron	Benign	/	/	+	Germline inversion	hg19
C7orf10	chr7:40879374-40880470	Intronic Inversion	Breakpoint-in-Intron	Benign	/	/	+	Germline inversion	hg19
C7orf10	chr7:40879374-40880470	Intronic Inversion	Breakpoint-in-Intron	Benign	/	/	+	Germline inversion	hg19
CDH7	chr18:63533325-63534734	Intronic Inversion	Breakpoint-in-Intron	Benign	/	/	+	Somatic inversion	hg19
CNOT2	chr12:70680616-70682060	Intronic Inversion	Breakpoint-in-Intron	Benign	/	/	+	Somatic inversion	hg19
CNOT2	chr12:70680616-70682060	Intronic Inversion	Breakpoint-in-Intron	Benign	/	/	+	Somatic inversion	hg19
CRK	chr17:1327336-1332609	Intronic Inversion	Breakpoint-in-Intron	Regulatory impact	/	OREG1129775 (ZNF263), OREG1129776 (ZNF263)	-	Germline inversion	hg19
CRK	chr17:1327336-1332609	Intronic Inversion	Breakpoint-in-Intron	Regulatory impact	/	OREG1129775 (ZNF263), OREG1129776 (ZNF263)	-	Germline inversion	hg19
ENOX1	chr13:44162502-44168443	Intronic Inversion	Breakpoint-in-Intron	Benign	/	-	-	Somatic inversion	hg19
EXT1	chr8:118873761-118875337	Intronic Inversion	Breakpoint-in-Intron	Regulatory impact	/	OREG1891729 (STAT1), OREG1350656 (CTCF), OREG1231530 (SMARCA4), OREG0135427 (MAX), OREG0018938 (CTCF)	-	Germline inversion	hg19
EXT1	chr8:118873761-118875337	Intronic Inversion	Breakpoint-in-Intron	Regulatory impact	/	OREG1891729 (STAT1), OREG1350656 (CTCF), OREG1231530 (SMARCA4), OREG0135427 (MAX), OREG0018938 (CTCF)	-	Germline inversion	hg19
FBXO21	chr12:117589819-117589927	Intronic Inversion	Breakpoint-in-Intron	Benign	/	/	-	Somatic inversion	hg19
FMNL2	chr2:153459914-153461435	Intronic Inversion	Breakpoint-in-Intron	Regulatory impact	/	OREG0123107 (MAX)	+	Somatic inversion	hg19
GATAD2A	chr19:19611673-19612176	Exon-intronic Inversion	Exon-Intron Breakpoint	In-frame inversion	GATA	CpG Island	+	Somatic inversion	hg19
GPHN	chr14:67170326-67171999	Intronic Inversion	Breakpoint-in-Intron	Benign	/	/	+	Germline inversion	hg19
LINC01006	chr7:156387076-156387218	Intronic Inversion	Breakpoint-in-Intron	Benign	/	/	-	Somatic inversion	hg19
MBIP	chr14:36783278-36784505	Exonic Inversion	Breakpoint-in-Intron	Regulatory impact	/	open chromatin region disruption	-	Somatic inversion	hg19
NOL10	chr2:10826037-10827195	Intronic Inversion	Breakpoint-in-Intron	Regulatory impact	/	CD34+ cells Nuclease Accessible Sites	-	Somatic inversion	hg19
PLEKHB2	chr2:131886575-131887306	Intronic Inversion	Breakpoint-in-Intron	Regulatory impact	/	OREG1831423 (PRDM14), OREG1571331 (FOXA1), OREG1630123 (FOXA1)	+	Somatic inversion	hg19
PLEKHB2	chr2:131886575-131887306	Intronic Inversion	Breakpoint-in-Intron	Regulatory impact	/	OREG1831423 (PRDM14), OREG1571331 (FOXA1), OREG1630123 (FOXA1)	+	Somatic inversion	hg19
PTEN	chr10:89661048-89661631	Intronic Inversion	Breakpoint-in-Intron	Benign	/	/	+	Somatic inversion	hg19
RP11-446N19	chr12:47028573-47030625	Intronic Inversion	Breakpoint-in-Intron	Benign	/	/	+	Germline inversion	hg19
RP11-446N19	chr12:47028573-47030625	Intronic Inversion	Breakpoint-in-Intron	Benign	/	/	+	Germline inversion	hg19
SPINK14	chr5:147553038-147554615	Exonic Inversion	Breakpoint-in-Intron	Frameshift inversion	/	/	+	Germline inversion	hg19
SPINK14	chr5:147553038-147554615	Exonic Inversion	Breakpoint-in-Intron	Frameshift inversion	/	/	+	Germline inversion	hg19
SPINK14	chr5:147553038-147554615	Exonic Inversion	Breakpoint-in-Intron	Frameshift inversion	/	/	+	Germline inversion	hg19
SSBP3	chr1:54740261-54747992	Exonic Inversion	Breakpoint-in-Intron	In-frame inversion	/	OREG1706063 (HNF4A)， OREG1731139 (HNF4A), OREG0290883 (HNF4A), OREG1731140 (HNF4A)	-	Somatic inversion	hg19
ST7	chr7:116761952-116767728	Intronic Inversion	Breakpoint-in-Intron	Regulatory impact	/	OREG1639927 (FOXA1), OREG1581324 (FOXA1), OREG1175448 (TFAP2C), OREG1698773 (GATA3), OREG1257024 (SMARCA4), OREG1885879 (STAT1), OREG1538277 (ESR1), OREG1527510OREG1675009 (GATA2), OREG1616530 (FOS), OREG1257025 (SMARCA4), OREG1346462 (CTCF)	+	Somatic inversion	hg19
THRAP3	chr1:36733249-36734642	Intronic Inversion	Breakpoint-in-Intron	Regulatory impact	/	OREG1190393 (TFAP2C), OREG1598122 (FOXA1), OREG1656452 (FOXA1)	+	Somatic inversion	hg19
TRNT1	chr3:3170241-3177160	Exonic Inversion	Breakpoint-in-Intron	Frameshift inversion	/	CD34- cells Nuclease Accessible Sites	+	Somatic inversion	hg19
TSPAN8	chr12:71532793-71533753	Exonic Inversion	Breakpoint-in-Intron	In-frame inversion	Tetraspanin	EH38E1623850 (dELS), OREG1878105 (STAT1), CD34- cells Nuclease Accessible Sites	-	Germline inversion	hg19
TSPAN8	chr12:71532793-71533753	Exonic Inversion	Breakpoint-in-Intron	In-frame inversion	Tetraspanin	EH38E1623850 (dELS), OREG1878105 (STAT1), CD34- cells Nuclease Accessible Sites	-	Germline inversion	hg19
TSPAN8	chr12:71532793-71533753	Exonic Inversion	Breakpoint-in-Intron	In-frame inversion	Tetraspanin	EH38E1623850 (dELS), OREG1878105 (STAT1), CD34- cells Nuclease Accessible Sites	-	Germline inversion	hg19
TSPAN8	chr12:71532793-71533753	Exonic Inversion	Breakpoint-in-Intron	In-frame inversion	Tetraspanin	EH38E1623850 (dELS), OREG1878105 (STAT1), CD34- cells Nuclease Accessible Sites	-	Germline inversion	hg19
TSPAN8	chr12:71532793-71533753	Exonic Inversion	Breakpoint-in-Intron	In-frame inversion	Tetraspanin	EH38E1623850 (dELS), OREG1878105 (STAT1), CD34- cells Nuclease Accessible Sites	-	Germline inversion	hg19
TTC23L	chr5:34847968-34848318	Intronic Inversion	Breakpoint-in-Intron	Regulatory impact	/	OREG1649404 (FOXA1), OREG1590979 (FOXA1)	+	Somatic inversion	hg19
NOL10	chr2:10826037-10827195	Intronic Inversion	Breakpoint-in-Intron	Regulatory impact	/	Nuclease Accessible Sites in CD34+ cells	-	Uncertain	hg19
NOL10	chr2:10826037-10827195	Intronic Inversion	Breakpoint-in-Intron	Regulatory impact	/	Nuclease Accessible Sites in CD34+ cells	-	Uncertain	hg19
NOL10	chr2:10826037-10827195	Intronic Inversion	Breakpoint-in-Intron	Regulatory impact	/	Nuclease Accessible Sites in CD34+ cells	-	Uncertain	hg19
NOL10	chr2:10826037-10827195	Intronic Inversion	Breakpoint-in-Intron	Regulatory impact	/	Nuclease Accessible Sites in CD34+ cells	-	Uncertain	hg19
NOL10	chr2:10826037-10827195	Intronic Inversion	Breakpoint-in-Intron	Regulatory impact	/	Nuclease Accessible Sites in CD34+ cells	-	Uncertain	hg19
NOL10	chr2:10826037-10827195	Intronic Inversion	Breakpoint-in-Intron	Regulatory impact	/	Nuclease Accessible Sites in CD34+ cells	-	Uncertain	hg19
NOL10	chr2:10826037-10827195	Intronic Inversion	Breakpoint-in-Intron	Regulatory impact	/	Nuclease Accessible Sites in CD34+ cells	-	Uncertain	hg19
NOL10	chr2:10826037-10827195	Intronic Inversion	Breakpoint-in-Intron	Regulatory impact	/	Nuclease Accessible Sites in CD34+ cells	-	Uncertain	hg19
NOL10	chr2:10826037-10827195	Intronic Inversion	Breakpoint-in-Intron	Regulatory impact	/	Nuclease Accessible Sites in CD34+ cells	-	Uncertain	hg19
MFSD12	chr19:3540924-3541579	Intronic Inversion	Breakpoint-in-Intron	Benign	/	/	+	Uncertain	hg19
MFSD12	chr19:3540924-3541579	Intronic Inversion	Breakpoint-in-Intron	Benign	/	/	+	Uncertain	hg19
MFSD12	chr19:3540924-3541579	Intronic Inversion	Breakpoint-in-Intron	Benign	/	/	+	Uncertain	hg19
HSD17B11	chr4:88268247-88277503	Intronic Inversion	Breakpoint-in-Intron	Regulatory impact	/	Transcription factor-bound regulatory elements	-	Uncertain	hg19
DSTYK	chr1:205178605-205178774	Intronic Inversion	Breakpoint-in-Intron	Regulatory impact	/	Transcription factor-bound regulatory elements	-	Uncertain	hg19
HSD17B4	chr5:118824943-118825058	Exon-intronic Inversion	Exon-Intron Breakpoint	Frameshift inversion	/	/	+	Uncertain	hg19
KMT2D	chr12:49419918-49420156	Exon-intronic Inversion	Exon-Intron Breakpoint	Frameshift inversion	FYRC,FYRN	CpG Islands	-	Uncertain	hg19
PTCD1	chr7:99057850-99058166	Intronic Inversion	Breakpoint-in-Intron	Regulatory impact	/	Transcription factor-bound regulatory elements	-	Uncertain	hg19
PPM1B	chr2:44442177-44443039	Intronic Inversion	Breakpoint-in-Intron	Benign	/	/	+	Uncertain	hg19
RHOH	chr4:40235025-40237059	Exonic Inversion	Breakpoint-in-Intron	Frameshift inversion	/	Nuclease Accessible Sites in CD34+ cells	+	Uncertain	hg19
SEPT11	chr4:77907144-77908144	Intronic Inversion	Breakpoint-in-Intron	Regulatory impact	/	Transcription factor-bound regulatory elements	+	Uncertain	hg19
NOL10	chr2:10826037-10827195	Intronic Inversion	Breakpoint-in-Intron	Regulatory impact	/	CD34+ cells Nuclease Accessible Sites	-	Somatic inversion	hg19
NRXN1	chr19:3540924-3541579	Intronic Inversion	Breakpoint-in-Intron	Benign	/	/	+	Somatic inversion	hg19
NRXN1	chr19:3540924-3541579	Intronic Inversion	Breakpoint-in-Intron	Benign	/	/	+	Somatic inversion	hg19
ZNF300P1	chr4:88268247-88277503	Intronic Inversion	Breakpoint-in-Intron	Regulatory impact	/	OREG1391253 (CTCF), OREG1701512 (GATA3), OREG0938632 (MEF2C), OREG1880967 (STAT1), OREG0760433 (JUND)	-	Somatic inversion	hg19
PTPRF	chr1:43593624-43594215	Intronic Inversion	Breakpoint-in-Intron	Regulatory impact	/	EH38E1342636 (CTCF), OREG0135006 (MAX), OREG1944122 (ZNF263), OREG0128179 (MAX), OREG0375789 (EBF1)	+	Germline inversion	hg38
PTPRF	chr1:43593624-43594215	Intronic Inversion	Breakpoint-in-Intron	Regulatory impact	/	EH38E1342636 (CTCF), OREG0135006 (MAX), OREG1944122 (ZNF263), OREG0128179 (MAX), OREG0375789 (EBF1)	+	Germline inversion	hg38
PTPRF	chr1:43593624-43594215	Intronic Inversion	Breakpoint-in-Intron	Regulatory impact	/	EH38E1342636 (CTCF), OREG0135006 (MAX), OREG1944122 (ZNF263), OREG0128179 (MAX), OREG0375789 (EBF1)	+	Germline inversion	hg38
PTPRF	chr1:43593624-43594215	Intronic Inversion	Breakpoint-in-Intron	Regulatory impact	/	EH38E1342636 (CTCF), OREG0135006 (MAX), OREG1944122 (ZNF263), OREG0128179 (MAX), OREG0375789 (EBF1)	+	Germline inversion	hg38
PTPRF	chr1:43593624-43594215	Intronic Inversion	Breakpoint-in-Intron	Regulatory impact	/	EH38E1342636 (CTCF), OREG0135006 (MAX), OREG1944122 (ZNF263), OREG0128179 (MAX), OREG0375789 (EBF1)	+	Germline inversion	hg38
PTPRF	chr1:43593624-43594215	Intronic Inversion	Breakpoint-in-Intron	Regulatory impact	/	EH38E1342636 (CTCF), OREG0135006 (MAX), OREG1944122 (ZNF263), OREG0128179 (MAX), OREG0375789 (EBF1)	+	Germline inversion	hg38
PTPRF	chr1:43593624-43594215	Intronic Inversion	Breakpoint-in-Intron	Regulatory impact	/	EH38E1342636 (CTCF), OREG0135006 (MAX), OREG1944122 (ZNF263), OREG0128179 (MAX), OREG0375789 (EBF1)	+	Germline inversion	hg38
PTPRF	chr1:43593624-43594215	Intronic Inversion	Breakpoint-in-Intron	Regulatory impact	/	EH38E1342636 (CTCF), OREG0135006 (MAX), OREG1944122 (ZNF263), OREG0128179 (MAX), OREG0375789 (EBF1)	+	Germline inversion	hg38
PTPRF	chr1:43593624-43594215	Intronic Inversion	Breakpoint-in-Intron	Regulatory impact	/	EH38E1342636 (CTCF), OREG0135006 (MAX), OREG1944122 (ZNF263), OREG0128179 (MAX), OREG0375789 (EBF1)	+	Germline inversion	hg38
PTPRF	chr1:43593624-43594215	Intronic Inversion	Breakpoint-in-Intron	Regulatory impact	/	EH38E1342636 (CTCF), OREG0135006 (MAX), OREG1944122 (ZNF263), OREG0128179 (MAX), OREG0375789 (EBF1)	+	Germline inversion	hg38
PTPRF	chr1:43593624-43594215	Intronic Inversion	Breakpoint-in-Intron	Regulatory impact	/	EH38E1342636 (CTCF), OREG0135006 (MAX), OREG1944122 (ZNF263), OREG0128179 (MAX), OREG0375789 (EBF1)	+	Germline inversion	hg38
PTPRF	chr1:43593624-43594215	Intronic Inversion	Breakpoint-in-Intron	Regulatory impact	/	EH38E1342636 (CTCF), OREG0135006 (MAX), OREG1944122 (ZNF263), OREG0128179 (MAX), OREG0375789 (EBF1)	+	Germline inversion	hg38
PTPRF	chr1:43593624-43594215	Intronic Inversion	Breakpoint-in-Intron	Regulatory impact	/	EH38E1342636 (CTCF), OREG0135006 (MAX), OREG1944122 (ZNF263), OREG0128179 (MAX), OREG0375789 (EBF1)	+	Germline inversion	hg38
PTPRF	chr1:43593624-43594215	Intronic Inversion	Breakpoint-in-Intron	Regulatory impact	/	EH38E1342636 (CTCF), OREG0135006 (MAX), OREG1944122 (ZNF263), OREG0128179 (MAX), OREG0375789 (EBF1)	+	Germline inversion	hg38
PTPRF	chr1:43593624-43594215	Intronic Inversion	Breakpoint-in-Intron	Regulatory impact	/	EH38E1342636 (CTCF), OREG0135006 (MAX), OREG1944122 (ZNF263), OREG0128179 (MAX), OREG0375789 (EBF1)	+	Germline inversion	hg38
PTPRF	chr1:43593624-43594215	Intronic Inversion	Breakpoint-in-Intron	Regulatory impact	/	EH38E1342636 (CTCF), OREG0135006 (MAX), OREG1944122 (ZNF263), OREG0128179 (MAX), OREG0375789 (EBF1)	+	Germline inversion	hg38
PTPRF	chr1:43593624-43594215	Intronic Inversion	Breakpoint-in-Intron	Regulatory impact	/	EH38E1342636 (CTCF), OREG0135006 (MAX), OREG1944122 (ZNF263), OREG0128179 (MAX), OREG0375789 (EBF1)	+	Germline inversion	hg38
PTPRF	chr1:43593624-43594215	Intronic Inversion	Breakpoint-in-Intron	Regulatory impact	/	EH38E1342636 (CTCF), OREG0135006 (MAX), OREG1944122 (ZNF263), OREG0128179 (MAX), OREG0375789 (EBF1)	+	Germline inversion	hg38
PTPRF	chr1:43593624-43594215	Intronic Inversion	Breakpoint-in-Intron	Regulatory impact	/	EH38E1342636 (CTCF), OREG0135006 (MAX), OREG1944122 (ZNF263), OREG0128179 (MAX), OREG0375789 (EBF1)	+	Germline inversion	hg38
PTPRF	chr1:43593624-43594215	Intronic Inversion	Breakpoint-in-Intron	Regulatory impact	/	EH38E1342636 (CTCF), OREG0135006 (MAX), OREG1944122 (ZNF263), OREG0128179 (MAX), OREG0375789 (EBF1)	+	Germline inversion	hg38
PLEKHB2	chr2:131129002-131129733	Intronic Inversion	Breakpoint-in-Intron	Regulatory impact	/	OREG1831423 (PRDM14), OREG1571331 (FOXA1), OREG1630123 (FOXA1)	+	Germline inversion	hg38
PLEKHB2	chr2:131129002-131129733	Intronic Inversion	Breakpoint-in-Intron	Regulatory impact	/	OREG1831423 (PRDM14), OREG1571331 (FOXA1), OREG1630123 (FOXA1)	+	Germline inversion	hg38
PLEKHB2	chr2:131129002-131129733	Intronic Inversion	Breakpoint-in-Intron	Regulatory impact	/	OREG1831423 (PRDM14), OREG1571331 (FOXA1), OREG1630123 (FOXA1)	+	Germline inversion	hg38
PLEKHB2	chr2:131129002-131129733	Intronic Inversion	Breakpoint-in-Intron	Regulatory impact	/	OREG1831423 (PRDM14), OREG1571331 (FOXA1), OREG1630123 (FOXA1)	+	Germline inversion	hg38
PLEKHB2	chr2:131129002-131129733	Intronic Inversion	Breakpoint-in-Intron	Regulatory impact	/	OREG1831423 (PRDM14), OREG1571331 (FOXA1), OREG1630123 (FOXA1)	+	Germline inversion	hg38
PLEKHB2	chr2:131129002-131129733	Intronic Inversion	Breakpoint-in-Intron	Regulatory impact	/	OREG1831423 (PRDM14), OREG1571331 (FOXA1), OREG1630123 (FOXA1)	+	Germline inversion	hg38
PLEKHB2	chr2:131129002-131129733	Intronic Inversion	Breakpoint-in-Intron	Regulatory impact	/	OREG1831423 (PRDM14), OREG1571331 (FOXA1), OREG1630123 (FOXA1)	+	Germline inversion	hg38
PLEKHB2	chr2:131129002-131129733	Intronic Inversion	Breakpoint-in-Intron	Regulatory impact	/	OREG1831423 (PRDM14), OREG1571331 (FOXA1), OREG1630123 (FOXA1)	+	Germline inversion	hg38
PLEKHB2	chr2:131129002-131129733	Intronic Inversion	Breakpoint-in-Intron	Regulatory impact	/	OREG1831423 (PRDM14), OREG1571331 (FOXA1), OREG1630123 (FOXA1)	+	Germline inversion	hg38
PLEKHB2	chr2:131129002-131129733	Intronic Inversion	Breakpoint-in-Intron	Regulatory impact	/	OREG1831423 (PRDM14), OREG1571331 (FOXA1), OREG1630123 (FOXA1)	+	Germline inversion	hg38
PLEKHB2	chr2:131129002-131129733	Intronic Inversion	Breakpoint-in-Intron	Regulatory impact	/	OREG1831423 (PRDM14), OREG1571331 (FOXA1), OREG1630123 (FOXA1)	+	Germline inversion	hg38
PLEKHB2	chr2:131129002-131129733	Intronic Inversion	Breakpoint-in-Intron	Regulatory impact	/	OREG1831423 (PRDM14), OREG1571331 (FOXA1), OREG1630123 (FOXA1)	+	Germline inversion	hg38
USP34-DT	chr2:61473614-61476323	Intronic Inversion	Breakpoint-in-Intron	Regulatory impact	/	EH38E2002005 (dELS)	-	Germline inversion	hg38
USP34-DT	chr2:61473614-61476323	Intronic Inversion	Breakpoint-in-Intron	Regulatory impact	/	EH38E2002005 (dELS)	-	Germline inversion	hg38
USP34-DT	chr2:61473614-61476323	Intronic Inversion	Breakpoint-in-Intron	Regulatory impact	/	EH38E2002005 (dELS)	-	Germline inversion	hg38
USP34-DT	chr2:61473614-61476323	Intronic Inversion	Breakpoint-in-Intron	Regulatory impact	/	EH38E2002005 (dELS)	-	Germline inversion	hg38
USP34-DT	chr2:61473614-61476323	Intronic Inversion	Breakpoint-in-Intron	Regulatory impact	/	EH38E2002005 (dELS)	-	Germline inversion	hg38
USP34-DT	chr2:61473614-61476323	Intronic Inversion	Breakpoint-in-Intron	Regulatory impact	/	EH38E2002005 (dELS)	-	Germline inversion	hg38
USP34-DT	chr2:61473614-61476323	Intronic Inversion	Breakpoint-in-Intron	Regulatory impact	/	EH38E2002005 (dELS)	-	Germline inversion	hg38
USP34-DT	chr2:61473614-61476323	Intronic Inversion	Breakpoint-in-Intron	Regulatory impact	/	EH38E2002005 (dELS)	-	Germline inversion	hg38
USP34-DT	chr2:61473614-61476323	Intronic Inversion	Breakpoint-in-Intron	Regulatory impact	/	EH38E2002005 (dELS)	-	Germline inversion	hg38
GPHN	chr14:66703608-66705281	Intronic Inversion	Breakpoint-in-Intron	Benign	/	/	+	Somatic inversion	hg38
GPHN	chr14:66703608-66705281	Intronic Inversion	Breakpoint-in-Intron	Benign	/	/	+	Germline inversion	hg38
GPHN	chr14:66703608-66705281	Intronic Inversion	Breakpoint-in-Intron	Benign	/	/	+	Somatic inversion	hg38
GPHN	chr14:66703608-66705281	Intronic Inversion	Breakpoint-in-Intron	Benign	/	/	+	Germline inversion	hg38
GPHN	chr14:66703608-66705281	Intronic Inversion	Breakpoint-in-Intron	Benign	/	/	+	Germline inversion	hg38
GPHN	chr14:66703608-66705281	Intronic Inversion	Breakpoint-in-Intron	Benign	/	/	+	Germline inversion	hg38
GPHN	chr14:66703608-66705281	Intronic Inversion	Breakpoint-in-Intron	Benign	/	/	+	Somatic inversion	hg38
GPHN	chr14:66703608-66705281	Intronic Inversion	Breakpoint-in-Intron	Benign	/	/	+	Somatic inversion	hg38
BORCS5	chr12:12391915-12393660	Intronic Inversion	Breakpoint-in-Intron	Regulatory impact	/	OREG1266568 (SMARCA4)	+	Somatic inversion	hg38
BORCS5	chr12:12391915-12393660	Intronic Inversion	Breakpoint-in-Intron	Regulatory impact	/	OREG1266568 (SMARCA4)	+	Germline inversion	hg38
BORCS5	chr12:12391915-12393660	Intronic Inversion	Breakpoint-in-Intron	Regulatory impact	/	OREG1266568 (SMARCA4)	+	Somatic inversion	hg38
BORCS5	chr12:12391915-12393660	Intronic Inversion	Breakpoint-in-Intron	Regulatory impact	/	OREG1266568 (SMARCA4)	+	Germline inversion	hg38
BORCS5	chr12:12391915-12393660	Intronic Inversion	Breakpoint-in-Intron	Regulatory impact	/	OREG1266568 (SMARCA4)	+	Germline inversion	hg38
BORCS5	chr12:12391915-12393660	Intronic Inversion	Breakpoint-in-Intron	Regulatory impact	/	OREG1266568 (SMARCA4)	+	Somatic inversion	hg38
NOL10	chr2:10685911-10687069	Intronic Inversion	Breakpoint-in-Intron	Regulatory impact	/	CD34+ cells Nuclease Accessible Sites	-	Somatic inversion	hg38
NOL10	chr2:10685911-10687069	Intronic Inversion	Breakpoint-in-Intron	Regulatory impact	/	CD34+ cells Nuclease Accessible Sites	-	Somatic inversion	hg38
NOL10	chr2:10685911-10687069	Intronic Inversion	Breakpoint-in-Intron	Regulatory impact	/	CD34+ cells Nuclease Accessible Sites	-	Somatic inversion	hg38
NOL10	chr2:10685911-10687069	Intronic Inversion	Breakpoint-in-Intron	Regulatory impact	/	CD34+ cells Nuclease Accessible Sites	-	Somatic inversion	hg38
NOL10	chr2:10685911-10687069	Intronic Inversion	Breakpoint-in-Intron	Regulatory impact	/	CD34+ cells Nuclease Accessible Sites	-	Germline inversion	hg38
CSF2RA	chrX:1284726-1288436	Exonic Inversion	Breakpoint-in-Intron	Frameshift inversion	IL3Ra_N	/	+	Somatic inversion	hg38
CSF2RA	chrX:1284726-1288436	Exonic Inversion	Breakpoint-in-Intron	Frameshift inversion	IL3Ra_N	/	+	Germline inversion	hg38
CSF2RA	chrX:1284726-1288436	Exonic Inversion	Breakpoint-in-Intron	Frameshift inversion	IL3Ra_N	/	+	Somatic inversion	hg38
CSF2RA	chrX:1284726-1288436	Exonic Inversion	Breakpoint-in-Intron	Frameshift inversion	IL3Ra_N	/	+	Germline inversion	hg38
CSF2RA	chrX:1284726-1288436	Exonic Inversion	Breakpoint-in-Intron	Frameshift inversion	IL3Ra_N	/	+	Somatic inversion	hg38
C4BPA	chr1:207119000-207119850	Intronic Inversion	Breakpoint-in-Intron	Benign	/	/	+	Somatic inversion	hg38
C4BPA	chr1:207119000-207119850	Intronic Inversion	Breakpoint-in-Intron	Benign	/	/	+	Germline inversion	hg38
C4BPA	chr1:207119000-207119850	Intronic Inversion	Breakpoint-in-Intron	Benign	/	/	+	Somatic inversion	hg38
C4BPA	chr1:207119000-207119850	Intronic Inversion	Breakpoint-in-Intron	Benign	/	/	+	Somatic inversion	hg38
SET	chr9:128694771-128694859	Exonic Inversion	Breakpoint-in-Exon	Frameshift inversion	/	/	+	Germline inversion	hg38
SET	chr9:128694771-128694859	Exonic Inversion	Breakpoint-in-Exon	Frameshift inversion	/	/	+	Germline inversion	hg38
SET	chr9:128694771-128694859	Exonic Inversion	Breakpoint-in-Exon	Frameshift inversion	/	/	+	Germline inversion	hg38
SET	chr9:128694771-128694859	Exonic Inversion	Breakpoint-in-Exon	Frameshift inversion	/	/	+	Germline inversion	hg38
SET	chr9:128694771-128694859	Exonic Inversion	Breakpoint-in-Exon	Frameshift inversion	/	/	+	Germline inversion	hg38
OSBPL9	chr1:51675721-51677598	Intronic Inversion	Breakpoint-in-Intron	Benign	/	/	+	Germline inversion	hg38
OSBPL9	chr1:51675721-51677598	Intronic Inversion	Breakpoint-in-Intron	Benign	/	/	+	Germline inversion	hg38
OSBPL9	chr1:51675721-51677598	Intronic Inversion	Breakpoint-in-Intron	Benign	/	/	+	Germline inversion	hg38
OSBPL9	chr1:51675721-51677598	Intronic Inversion	Breakpoint-in-Intron	Benign	/	/	+	Somatic inversion	hg38
OSBPL9	chr1:51675721-51677598	Intronic Inversion	Breakpoint-in-Intron	Benign	/	/	+	Germline inversion	hg38
WDSUB1	chr2:159239293-159241493	Intronic Inversion	Breakpoint-in-Intron	Regulatory impact	/	EH38E2044810 (dELS)	-	Germline inversion	hg38
WDSUB1	chr2:159239293-159241493	Intronic Inversion	Breakpoint-in-Intron	Regulatory impact	/	EH38E2044810 (dELS)	-	Germline inversion	hg38
WDSUB1	chr2:159239293-159241493	Intronic Inversion	Breakpoint-in-Intron	Regulatory impact	/	EH38E2044810 (dELS)	-	Somatic inversion	hg38
ENSG00000290199	chr22:23969532-23971821	Exon-intronic Inversion	Exon-Intron Breakpoint	Frameshift inversion	/	EH38E2153096 (dELS), EH38E2153094 (pELS,CTCF-bound)	+	Somatic inversion	hg38
ENSG00000290199	chr22:23969532-23971821	Exon-intronic Inversion	Exon-Intron Breakpoint	Frameshift inversion	/	EH38E2153096 (dELS), EH38E2153094 (pELS,CTCF-bound)	+	Somatic inversion	hg38
ENSG00000290199	chr22:23969532-23971821	Exon-intronic Inversion	Exon-Intron Breakpoint	Frameshift inversion	/	EH38E2153096 (dELS), EH38E2153094 (pELS,CTCF-bound)	+	Somatic inversion	hg38
RAB8A	chr19:16126594-16131163	Exonic Inversion	Breakpoint-in-Intron	In-frame inversion	Arf, Roc, Ras, Gtr1_RagA	/	+	Somatic inversion	hg38
RAB8A	chr19:16126594-16131163	Exonic Inversion	Breakpoint-in-Intron	In-frame inversion	Arf, Roc, Ras, Gtr1_RagA	/	+	Somatic inversion	hg38
CXCL12	chr10:44378783-44381822	Exonic Inversion	Breakpoint-in-Intron	Frameshift inversion	IL8	/	-	Somatic inversion	hg38
CXCL12	chr10:44378783-44381822	Exonic Inversion	Breakpoint-in-Intron	Frameshift inversion	IL8	/	-	Somatic inversion	hg38
NSUN6	chr10:18562794-18565864	Intronic Inversion	Breakpoint-in-Intron	Regulatory impact	/	EH38E1452589 (dELS,CTCF-bound)	-	Germline inversion	hg38
NSUN6	chr10:18562794-18565864	Intronic Inversion	Breakpoint-in-Intron	Regulatory impact	/	EH38E1452589 (dELS,CTCF-bound)	-	Germline inversion	hg38
IRAG2	chr12:25106519-25107577	Exonic Inversion	Breakpoint-in-Intron	Frameshift inversion	MRVI1	OREG1391253 (CTCF), OREG1701512 (GATA3), OREG0938632 (MEF2C), OREG1880967 (STAT1), OREG0760433 (JUND)	+	Somatic inversion	hg38
IRAG2	chr12:25106519-25107577	Exonic Inversion	Breakpoint-in-Intron	Frameshift inversion	MRVI1	OREG1391253 (CTCF), OREG1701512 (GATA3), OREG0938632 (MEF2C), OREG1880967 (STAT1), OREG0760433 (JUND)	+	Somatic inversion	hg38
RHOH	chr4:40233405-40235439	Exonic Inversion	Breakpoint-in-Intron	Frameshift inversion	/	CD34+ cells Nuclease Accessible Sites, OREG1752042 (HNF4A), OREG1306339 (CEBPA), OREG1728501 (HNF4A),  OREG0410190 (ESR2), OREG0410191 (ESR2), OREG0241554 (USF1), OREG0930985 (MAFK)	+	Germline inversion	hg38
RHOH	chr4:40233405-40235439	Exonic Inversion	Breakpoint-in-Intron	Frameshift inversion	/	CD34+ cells Nuclease Accessible Sites, OREG1752042 (HNF4A), OREG1306339 (CEBPA), OREG1728501 (HNF4A),  OREG0410190 (ESR2), OREG0410191 (ESR2), OREG0241554 (USF1), OREG0930985 (MAFK)	+	Somatic inversion	hg38
ANO1	chr11:70059833-70065772	Intronic Inversion	Breakpoint-in-Intron	Regulatory impact	/	OREG1495270 (EGR1), OREG1580520 (FOXA1), OREG1938637 (TP53), OREG1174694 (TFAP2C), OREG1580519 (FOXA1), OREG1534650 (ESR1)	+	Somatic inversion	hg38
ANO1	chr11:70059833-70065772	Intronic Inversion	Breakpoint-in-Intron	Regulatory impact	/	OREG1495270 (EGR1), OREG1580520 (FOXA1), OREG1938637 (TP53), OREG1174694 (TFAP2C), OREG1580519 (FOXA1), OREG1534650 (ESR1)	+	Somatic inversion	hg38
APP	chr21:26001835-26002391	Intronic Inversion	Breakpoint-in-Intron	Benign	/	/	+	Germline inversion	hg38
APP	chr21:26001835-26002391	Intronic Inversion	Breakpoint-in-Intron	Benign	/	/	+	Somatic inversion	hg38
ACBD6	chr1:180306818-180310621	Intronic Inversion	Breakpoint-in-Intron	Regulatory impact	/	OREG1283867 (CEBPA), OREG0503734 (CEBPB), OREG0929899 (MAFK)	-	Somatic inversion	hg38
ACBD6	chr1:180306818-180310621	Intronic Inversion	Breakpoint-in-Intron	Regulatory impact	/	OREG1283867 (CEBPA), OREG0503734 (CEBPB), OREG0929899 (MAFK)	-	Germline inversion	hg38
SGK2	chr20:43582892-43583788	Intronic Inversion	Breakpoint-in-Intron	Regulatory impact	/	OREG1255740 (SMARCA4), OREG1712678 (HNF4A), OREG1737248 (HNF4A)	+	Somatic inversion	hg38
RAP2C-AS1	chrX:132259567-132260291	Intronic Inversion	Breakpoint-in-Intron	Benign	/	/	+	Germline inversion	hg38
POLR2A	chr17:7505509-7508504	Intronic Inversion	Breakpoint-in-Intron	Benign	/	/	+	Germline inversion	hg38
SYNPO2L-AS1	chr10:73659954-73660152	Intronic Inversion	Breakpoint-in-Intron	Benign	/	/	+	Germline inversion	hg38
TSPAN8	chr12:71139012-71139974	Exonic Inversion	Breakpoint-in-Intron	In-frame inversion	Tetraspanin	EH38E1623850 (dELS), OREG1878105 (STAT1), CD34- cells Nuclease Accessible Sites	-	Germline inversion	hg38
SUPT3H	chr6:45024484-45025666	Intronic Inversion	Breakpoint-in-Intron	Benign	/	/	-	Somatic inversion	hg38
THRAP3	chr1:36267648-36269041	Intronic Inversion	Breakpoint-in-Intron	Regulatory impact	/	OREG1190393 (TFAP2C), OREG1598122 (FOXA1), OREG1656452 (FOXA1)	+	Germline inversion	hg38
ENSG00000283515	chr19:58256573-58258120	Intronic Inversion	Breakpoint-in-Intron	Benign	/	/	+	Somatic inversion	hg38
KCNMA1	chr10:77081867-77082310	Intronic Inversion	Breakpoint-in-Intron	Benign	/	/	-	Somatic inversion	hg38
CERS6	chr2:168721462-168721634	Intronic Inversion	Breakpoint-in-Intron	Benign	/	/	+	Germline inversion	hg38
CCDC3	chr10:13062975-13063277	Intronic Inversion	Breakpoint-in-Intron	Regulatory impact	/	OREG1615665 (CCDC3), OREG0147313 (NFYA), OREG0147314 (NFYA)	-	Somatic inversion	hg38
CARD6	chr5:40845740-40851180	Intronic Inversion	Breakpoint-in-Intron	Benign	/	/	+	Somatic inversion	hg38
ENSG00000132832	chr20:44677203-44683574	Intronic Inversion	Breakpoint-in-Intron	Regulatory impact	/	OREG1938628 (TP53), OREG1941680 (TP53), OREG1799962 (RBL2), OREG0746772 (JUNB), OREG0025968 (CTCF)	-	Somatic inversion	hg38
NQO1-DT	chr16:69727924-69728997	Intronic Inversion	Breakpoint-in-Intron	Regulatory impact	/	OREG1903172 (STAT1), OREG0138318 (MAX)	+	Germline inversion	hg38
NPAS3	chr14:33668400-33669075	Intronic Inversion	Breakpoint-in-Intron	Benign	/	/	+	Somatic inversion	hg38
FBXO38-DT	chr5:148173475-148175052	Exonic Inversion	Breakpoint-in-Intron	Frameshift inversion	Kazal_1, Kazal_2	/	+	Germline inversion	hg38
ENSG00000255320	chr11:66251209-66252427	Intronic Inversion	Breakpoint-in-Intron	Benign	/	/	-	Somatic inversion	hg38
MECR	chr1:29193132-29193390	Exonic Inversion	Breakpoint-in-Exon	In-frame inversion	/	/	-	Germline inversion	hg38
NOL10	chr2:10685911-10687069	Intronic Inversion	Breakpoint-in-Intron	Regulatory impact	/	CD34+ cells Nuclease Accessible Sites	-	Germline inversion	hg38
AGAP2	chr12:57737067-57737135	Exon-intronic Inversion	Exon-Intron Breakpoint	Frameshift inversion	/	CpG Island， OREG1501277(EGR1)	-	Germline inversion	hg38
AGAP2	chr12:57737067-57737135	Exon-intronic Inversion	Exon-Intron Breakpoint	Frameshift inversion	/	CpG Island， OREG1501277(EGR1)	-	Germline inversion	hg38
COL6A1	chr21:46003429-46004218	Exonic Inversion	Breakpoint-in-Exon	In-frame inversion	VWA	OREG1816674 (RBL2), OREG1497827 (EGR1)	-	Germline inversion	hg38
ENSG00000287908	chr12:57615815-57616401	Exonic Inversion	Breakpoint-in-Intron	Frameshift inversion	/	/	+	Germline inversion	hg38
MFSD12	chr19:3540924-3541579	Intronic Inversion	Breakpoint-in-Intron	Benign	/	/	+	Germline inversion	hg38
NUP107-DT	chr12:68683795-68683850	Intronic Inversion	Breakpoint-in-Intron	Benign	/	/		Germline inversion	hg38
PTPRF	chr1:43593624-43594215	Intronic Inversion	Breakpoint-in-Intron	Regulatory impact	/	EH38E1342636 (CTCF), OREG0135006 (MAX), OREG1944122 (ZNF263), OREG0128179 (MAX), OREG0375789 (EBF1)	+	Germline inversion	hg38
RAB22A	chr20:58315252-58316342	Intronic Inversion	Breakpoint-in-Intron	Benign	/	/	+	Germline inversion	hg38
XPO4	chr13:20779219-20781732	Exonic Inversion	Breakpoint-in-Exon	Regulatory impact	/	OREG1258642 (XPO4), OREG0826066 (MAFF), OREG0880721 (MAFK)	-	Germline inversion	hg38
NOL10	chr2:10685911-10687069	Intronic Inversion	Breakpoint-in-Intron	Regulatory impact	/	CD34+ cells Nuclease Accessible Sites	-	Germline inversion	hg38
NOL10	chr2:10685911-10687069	Intronic Inversion	Breakpoint-in-Intron	Regulatory impact	/	CD34+ cells Nuclease Accessible Sites	-	Germline inversion	hg38
IRAG2	chr12:25106570-25107467	Exonic Inversion	Breakpoint-in-Intron	Frameshift inversion	/	OREG1391253 (CTCF), OREG1701512 (GATA3), OREG0938632 (MEF2C), OREG1880967 (STAT1), OREG0760433 (JUND)	+	Germline inversion	hg38
IRAG2	chr12:25106570-25107467	Exonic Inversion	Breakpoint-in-Intron	Frameshift inversion	/	OREG1391253 (CTCF), OREG1701512 (GATA3), OREG0938632 (MEF2C), OREG1880967 (STAT1), OREG0760433 (JUND)	+	Germline inversion	hg38
PTPRF	chr1:43593624-43594215	Intronic Inversion	Breakpoint-in-Intron	Regulatory impact	/	EH38E1342636 (CTCF), OREG0135006 (MAX), OREG1944122 (ZNF263), OREG0128179 (MAX), OREG0375789 (EBF1)	+	Germline inversion	hg38
PTPRF	chr1:43593624-43594215	Intronic Inversion	Breakpoint-in-Intron	Regulatory impact	/	EH38E1342636 (CTCF), OREG0135006 (MAX), OREG1944122 (ZNF263), OREG0128179 (MAX), OREG0375789 (EBF1)	+	Germline inversion	hg38
